1382;Dr Hywel Francis;David;Hywel;Francis;Labour;Aberavon
576;Sandra Osborne;Sandra;Currie;Osborne;Labour;Ayr, Carrick and Cumnock
533;David Hanson;David;George;Hanson;Labour;Delyn
443;Andrew Bennett;Andrew;Francis;Bennett;Labour;Denton & Reddish
327;Mr Bob Laxton;Robert;;Laxton;Labour;Derby North
328;Margaret Beckett;Margaret;Mary;Beckett;Labour;Derby South
407;Baroness Taylor of Bolton;Winifred;Ann;Taylor;;
389;Caroline Flint;Caroline;Louise;Flint;Labour;Don Valley
390;Dame Rosie Winterton;Rosalie;;Winterton;Labour;Doncaster Central
391;Mr Kevin Hughes;Kevin;Michael;Hughes;Labour;Doncaster North
80;Gwyn Prosser;Gwynfor;Mathews;Prosser;Labour;Dover
310;Ian Pearson;Ian;Phares;Pearson;Labour;Dudley South
577;Alex Salmond;Alexander;Elliot Anderson;Salmond;Scottish National Party;Gordon
4148;Lord McFall of Alcluith;John;;McFall;;
588;Mr Russell Brown;Russell;Leslie;Brown;Labour;Dumfries and Galloway
1407;Mr Iain Luke;Iain;Malone;Luke;Labour;Dundee East
590;Mr Ernie Ross;Ernest;;Ross;Labour;Dundee West
592;Rachel Squire;Rachel;Anne;Squire;Labour;Dunfermline and West Fife
161;Stephen Pound;Stephen;Pelham;Pound;Labour;Ealing North
160;Lord Soley;Clive;Stafford;Soley;;
162;Mr Piara S Khabra;Piara;Singh;Khabra;Labour;Ealing, Southall
509;John Cummings;John;Scott;Cummings;Labour;Easington
163;Stephen Timms;Stephen;Creswell;Timms;Labour;East Ham
386;Mr Eric Illsley;Eric;Evelyn;Illsley;Independent;Barnsley Central
593;Mr Adam Ingram;Adam;(Paterson);Ingram;Labour;East Kilbride, Strathaven and Lesmahagow
1410;Anne Moffat;Anne;;Moffat;Labour;East Lothian
50;Lord Chidgey;David;William George;Chidgey;;
444;Ian Stewart;Ian;;Stewart;Labour;Eccles
596;Lord Darling of Roulanish;Alistair;;Darling;;
597;Dr Gavin Strang;Gavin;Steel;Strang;Labour;Edinburgh East
1411;Mark Lazarowicz;Marek;Jerzy;Lazarowicz;Labour (Co-op);Edinburgh North and Leith
600;Nigel Griffiths;Nigel;;Griffiths;Labour;Edinburgh South
1412;John Barrett;John;Andrew;Barrett;Liberal Democrat;Edinburgh West
599;Baroness Clark of Calton;Lynda;Margaret;Clark;;
387;Jeff Ennis;Jeffrey;;Ennis;Labour;Barnsley East & Mexborough
164;Mr Andrew Love;Andrew;McCulloch;Love;Labour (Co-op);Edmonton
428;Andrew Miller;Andrew;Peter;Miller;Labour;Ellesmere Port and Neston
408;Colin Burgon;Colin;;Burgon;Labour;Elmet
165;Clive Efford;Clive;Stanley;Efford;Labour;Eltham
167;Stephen Twigg;Stephen;;Twigg;Labour (Co-op);Liverpool, West Derby
329;Liz Blackman;Elizabeth;Marion;Blackman;Labour;Erewash
168;John Austin;John;Eric;Austin;Labour;Erith & Thamesmead
602;Michael Connarty;Michael;;Connarty;Labour;Linlithgow and East Falkirk
603;Eric Joyce;Eric;Stuart;Joyce;Independent;Falkirk
224;Ms Candy Atherton;Candice;Kathleen;Atherton;Labour;Falmouth & Camborne
388;Mr Michael Clapham;Michael;;Clapham;Labour;Barnsley West & Penistone
169;Alan Keen;David Alan;;Keen;Labour (Co-op);Feltham and Heston
250;Diana Organ;Diana;Mary;Organ;Labour;Forest of Dean
518;Baroness Quin;Joyce;Gwendolen;Quin;;
360;Vernon Coaker;Vernon;;Coaker;Labour;Gedling
605;John Robertson;John;;Robertson;Labour;Glasgow North West
606;Mr Jimmy Wray;James;;Wray;Labour;Glasgow, Baillieston
1418;Mr Tom Harris;Thomas;;Harris;Labour;Glasgow South
608;Mr Mohammad Sarwar;Mohammad;;Sarwar;Labour;Glasgow Central
1419;Ann McKechin;Ann;;McKechin;Labour;Glasgow North
4158;Lord McAvoy;Thomas;McLaughlin;McAvoy;;
494;Lord Hutton of Furness;John;Matthew Patrick;Hutton;;
1420;Mr Parmjit Dhanda;Parmjit;Singh;Dhanda;Labour;Gloucester
615;Lord Bruce of Bennachie;Malcolm;;Bruce;;
566;Martin Caton;Martin;Philip;Caton;Labour;Gower
84;Mr Chris Pond;Christopher;Richard;Pond;Labour;Gravesham
125;Mr Anthony Wright;Anthony;David;Wright;Labour;Great Yarmouth
1421;David Cairns;John;David;Cairns;Labour;Inverclyde
171;Mr Nick Raynsford;Wyvill;Richard Nicolls;Raynsford;Labour;Greenwich and Woolwich
1422;Sue Doughty;Susan;Kathleen;Doughty;Liberal Democrat;Guildford
173;Mr Brian Sedgemore;Brian;Charles John;Sedgemore;Liberal Democrat;Hackney South & Shoreditch
409;Alice Mahon;Alice;;Mahon;Labour;Halifax
1387;John Mann;John;;Mann;Labour;Bassetlaw
429;Derek Twigg;John;Derek;Twigg;Labour;Halton
617;Lord Reid of Cardowan;John;;Reid;;
618;Mr Bill Tynan;William;;Tynan;Labour;Hamilton South
175;Glenda Jackson;Glenda;May;Jackson;Labour;Hampstead and Kilburn
37;Bill Rammell;William;Ernest;Rammell;Labour;Harlow
4151;Lord Willis of Knaresborough;George;Philip;Willis;;
176;Mr Tony McNulty;Anthony;James;McNulty;Labour;Harrow East
38;Mr Ivan Henderson;Ivan;John;Henderson;Labour;Harwich
26;Michael Jabez Foster;Michael;Jabez;Foster;Labour;Hastings & Rye
445;Lord Stunell;Robert;;Stunell;;
214;Lord Foster of Bath;Donald;;Foster;;
65;Mr Tony McWalter;Joseph;Anthony;McWalter;Labour (Co-op);Hemel Hempstead
410;Jon Trickett;Jon;Hedley;Trickett;Labour;Hemsworth
179;Mr Andrew Dismore;Andrew;Hartley;Dismore;Labour;Hendon
266;Mr Paul Keetch;Paul;Stuart;Keetch;Liberal Democrat;Hereford
446;Jim Dobbin;James;;Dobbin;Labour (Co-op);Heywood and Middleton
330;Tom Levitt;Tom;;Levitt;Labour;High Peak
180;Frank Dobson;Frank;Gordon;Dobson;Labour;Holborn and St Pancras
182;Mrs Barbara Roche;Barbara;Maureen;Roche;Labour;Hornsey & Wood Green
519;Mr Fraser Kemp;Fraser;;Kemp;Labour;Houghton & Washington East
411;Mr Barry Sheerman;Barry;John;Sheerman;Labour (Co-op);Huddersfield
401;Mike Wood;Michael;Roy;Wood;Labour;Batley and Spen
469;Mr Greg Pope;Gregory;James;Pope;Labour;Hyndburn
184;Mike Gapes;Michael;John;Gapes;Labour (Co-op);Ilford South
619;Mr David Stewart;David;John;Stewart;Labour;Inverness East, Nairn & Lochaber
186;Lord Smith of Finsbury;Christopher;;Smith;;
542;Lord Touhig;James;Donnelly;Touhig;;
520;Mr Stephen Hepburn;Stephen;;Hepburn;Labour;Jarrow
412;Mrs Ann Cryer;Constance;Ann;Cryer;Labour;Keighley
353;Phil Sawford;Philip;Andrew;Sawford;Labour;Kettering
620;Lord Browne of Ladyton;Desmond;;Browne;;
188;Sir Edward Davey;Edward;Jonathon;Davey;Liberal Democrat;Kingston and Surbiton
141;Martin Linton;John;Martin;Linton;Labour;Battersea
374;Lord Prescott;John;;Prescott;;
376;Alan Johnson;Alan;Arthur;Johnson;Labour;Kingston upon Hull West and Hessle
219;Roger Berry;Roger;Leslie;Berry;Labour;Kingswood
621;Lord Moonie;Lewis;;Moonie;;
481;Mr George Howarth;George;Edward;Howarth;Labour;Knowsley
482;Mr Edward O'Hara;Edward;;O'Hara;Labour;Knowsley South
470;Mr Hilton Dawson;Thomas;Hilton;Dawson;Labour;Lancaster & Wyre
413;Hilary Benn;Hilary;James;Benn;Labour;Leeds Central
414;Mr George Mudie;George;Edward;Mudie;Labour;Leeds East
416;Mr Harold Best;Harold;;Best;Labour;Leeds North West
571;Mr Malcolm Savidge;Malcolm;Kemp;Savidge;Labour;Aberdeen North
1;Patrick Hall;Patrick;;Hall;Labour;Bedford
417;John Battle;John;Dominic;Battle;Labour;Leeds West
1427;Andy Burnham;Andrew;Murray;Burnham;Labour;Leigh
28;Norman Baker;Norman;John;Baker;Liberal Democrat;Lewes
189;Jim Dowd;James;Patrick;Dowd;Labour;Lewisham West and Penge
190;Dame Joan Ruddock;Joan;Mary;Ruddock;Labour;Lewisham, Deptford
192;Harry Cohen;Harry;Michael;Cohen;Labour;Leyton & Wanstead
347;Gillian Merron;Gillian;Joanna;Merron;Labour;Lincoln
483;Maria Eagle;Maria;;Eagle;Labour;Garston and Halewood
484;Mrs Louise Ellman;Louise;Joyce;Ellman;Labour (Co-op);Liverpool, Riverside
485;Mr Peter Kilfoyle;Peter;;Kilfoyle;Labour;Liverpool, Walton
513;Lord Beith;Alan;;Beith;;
487;Mr Robert N. Wareing;Robert;Nelson;Wareing;Independent;Liverpool, West Derby
341;Mr Andy Reed;Andrew;John;Reed;Labour (Co-op);Loughborough
1429;Matthew Green;Matthew;Roger;Green;Liberal Democrat;Ludlow
3;Margaret Moran;Margaret;;Moran;Labour;Luton South
448;Sir Ian McCartney;Ian;;McCartney;Labour;Makerfield
450;Tony Lloyd;Anthony;Joseph;Lloyd;Labour;Rochdale
449;Graham Stringer;Graham;Eric;Stringer;Labour;Blackley and Broughton
451;Sir Gerald Kaufman;Gerald;Bernard;Kaufman;Labour;Manchester, Gorton
452;Lord Bradley;Keith;John Charles;Bradley;;
361;Sir Alan Meale;Joseph;Alan;Meale;Labour;Mansfield
143;Baroness King of Bow;Oona;;King;;
549;Mr Elfyn Llwyd;Elfyn;;Llwyd;Plaid Cymru;Dwyfor Meirionnydd
1430;Mr Dai Havard;David;Stewart;Havard;Labour;Merthyr Tydfil and Rhymney
1431;Annette Brooke;Annette;Lesley;Brooke;Liberal Democrat;Mid Dorset and North Poole
1432;Mr David Hamilton;David;;Hamilton;Labour;Midlothian
19;Dr Phyllis Starkey;Phyllis;Margaret;Starkey;Labour;Milton Keynes South West
193;Siobhain McDonagh;Siobhain;Ann;McDonagh;Labour;Mitcham and Morden
543;Mr Huw Edwards;Huw;William Edmund;Edwards;Labour;Monmouth
559;Lembit Öpik;Lembit;;Öpik;Liberal Democrat;Montgomeryshire
1433;Angus Robertson;Angus;;Robertson;Scottish National Party;Moray
471;Geraldine Smith;Geraldine;Maria;Smith;Labour;Morecambe & Lunesdale
144;Mr Nigel Beard;Christopher;Nigel;Beard;Labour;Bexleyheath & Crayford
1434;Colin Challen;Colin;Robert;Challen;Labour;Morley & Rothwell
567;Lord Hain;Peter;;Hain;;
9;Mr David Rendel;David;Digby;Rendel;Liberal Democrat;Newbury
521;Jim Cousins;James;Mackay;Cousins;Labour;Newcastle upon Tyne Central
523;Mr Nicholas Brown;Nicholas;Hugh;Brown;Labour;Newcastle upon Tyne East
522;Mr Doug Henderson;Douglas;John;Henderson;Labour;Newcastle upon Tyne North
1436;Paul Farrelly;Christopher;Paul;Farrelly;Labour;Newcastle-under-Lyme
544;Lord Howarth of Newport;Alan;Thomas;Howarth;;
545;Paul Flynn;Paul;Phillip;Flynn;Labour;Newport West
419;Sir Bill O'Brien;William;;O'Brien;Labour;Normanton
296;Ms Gisela Stuart;Gisela;Gschaider;Stuart;Labour;Birmingham, Edgbaston
225;Lord Tyler;Paul;;Tyler;;
1438;Mr Kevan Jones;Kevan;David;Jones;Labour;North Durham
331;Mr Harry Barnes;Harold;;Barnes;Labour;North East Derbyshire
627;Lord Campbell of Pittenweem;Menzies;;Campbell;;
20;Brian White;Brian;Arthur Robert;White;Labour;North East Milton Keynes
1439;Norman Lamb;Norman;Peter;Lamb;Liberal Democrat;North Norfolk
194;Simon Hughes;Simon;Henry Ward;Hughes;Liberal Democrat;Bermondsey and Old Southwark
1440;Pete Wishart;Peter;;Wishart;Scottish National Party;Perth and North Perthshire
524;Mr Stephen Byers;Stephen;John;Byers;Labour;North Tyneside
290;Mr Mike O'Brien;Michael;;O'Brien;Labour;North Warwickshire
1391;Mr Siôn Simon;Siôn;Llewelyn;Simon;Labour;Birmingham, Erdington
4150;Baroness Armstrong of Hill Top;Hilary;;Armstrong;;
342;David Taylor;David;Leslie;Taylor;Labour (Co-op);North West Leicestershire
355;Mr Tony Clarke;Anthony;Richard;Clarke;Labour;Northampton South
220;Steve Webb;Steven;John;Webb;Liberal Democrat;Thornbury and Yate
129;Dr Ian Gibson;Ian;;Gibson;Labour;Norwich North
130;Mr Charles Clarke;Charles;Rodway;Clarke;Labour;Norwich South
363;Mr John Heppell;John;;Heppell;Labour;Nottingham East
364;Mr Graham Allen;Graham;William;Allen;Labour;Nottingham North
291;Mr Bill Olner;William;John;Olner;Labour;Nuneaton
629;Lord O'Neill of Clackmannan;Martin;John;O'Neill;;
298;Steve McCabe;Stephen;James;McCabe;Labour;Birmingham, Selly Oak
555;Sir Raymond Powell;Raymond;;Powell;Labour;Ogmore
453;Mr Phil Woolas;Phillip;James;Woolas;Labour;Oldham East and Saddleworth
454;Mr Michael Meacher;Michael;Hugh;Meacher;Labour;Oldham West and Royton
1442;Mr Alistair Carmichael;Alexander;Morrison;Carmichael;Liberal Democrat;Orkney and Shetland
95;Mr Andrew Smith;Andrew;David;Smith;Labour;Oxford East
96;Dr Evan Harris;Evan;Leslie;Harris;Liberal Democrat;Oxford West & Abingdon
631;Baroness Adams of Craigielea;Katherine;Patricia Irene;Adams;;
632;Mr Douglas Alexander;Douglas;Garven;Alexander;Labour;Paisley and Renfrewshire South
472;Mr Gordon Prentice;Gordon;;Prentice;Labour;Pendle
1443;Annabelle Ewing;Annabelle;Janet;Ewing;Scottish National Party;Perth
299;Mr Terry Davis;Terence;Anthony Gordon;Davis;Labour;Birmingham, Hodge Hill
122;Mrs Helen Clark;Helen;Rosemary;Clark;Labour;Peterborough
232;Mr David Jamieson;David;Charles;Jamieson;Labour;Plymouth, Devonport
233;Linda Gilroy;Linda;;Gilroy;Labour (Co-op);Plymouth, Sutton
556;Dr Kim Howells;Kim;Scott;Howells;Labour;Pontypridd
197;Jim Fitzpatrick;James;;Fitzpatrick;Labour;Poplar and Limehouse
58;Syd Rapson;Sydney;Norman John;Rapson;Labour;Portsmouth North
59;Mr Mike Hancock;Michael;Thomas;Hancock;Independent;Portsmouth South
540;Mrs Jackie Lawrence;Jacqueline;Rita;Lawrence;Labour;Preseli Pembrokeshire
473;Mr Mark Hendrick;Mark;Phillip;Hendrick;Labour (Co-op);Preston
198;Mr Tony Colman;Anthony;John;Colman;Labour;Putney
301;Richard Burden;Richard;Haines;Burden;Labour;Birmingham, Northfield
10;Jane Griffiths;Jane;Patricia;Griffiths;Labour;Reading East
11;Martin Salter;Martin;John;Salter;Labour;Reading West
269;Jacqui Smith;Jacqueline;Jill;Smith;Labour;Redditch
199;Ms Karen Buck;Karen;Patricia;Buck;Labour;Westminster North
1446;Chris Bryant;Christopher;John;Bryant;Labour;Rhondda
200;Baroness Tonge;Jennifer;Louise;Tonge;;
455;Mrs Lorna Fitzsimons;Lorna;;Fitzsimons;Labour;Rochdale
60;Sandra Gidley;Sandra;Julia;Gidley;Liberal Democrat;Romsey
475;Janet Anderson;Janet;;Anderson;Labour;Rossendale & Darwen
392;Sir Kevin Barron;Kevin;John;Barron;Labour;Rother Valley
1392;Mr Khalid Mahmood;Khalid;;Mahmood;Labour;Birmingham, Perry Barr
635;Lord Kirkwood of Kirkhope;Archibald;;Kirkwood;;
292;Andy King;Andrew;;King;Labour;Rugby & Kenilworth
456;Hazel Blears;Hazel;Anne;Blears;Labour;Salford and Eccles
381;Lawrie Quinn;Lawrence;William;Quinn;Labour;Scarborough & Whitby
377;Mr Elliot Morley;Elliot;Anthony;Morley;Labour;Scunthorpe
382;John Grogan;John;Timothy;Grogan;Labour;Keighley
396;Mr Richard Caborn;Richard;George;Caborn;Labour;Sheffield Central
394;Mr Clive Betts;Clive;James Charles;Betts;Labour;Sheffield South East
1448;Meg Munn;Margaret;Patricia;Munn;Labour (Co-op);Sheffield, Heeley
399;Helen Jackson;Helen;Margaret;Jackson;Labour;Sheffield, Hillsborough
572;Dame Anne Begg;Margaret;Anne;Begg;Labour;Aberdeen South
303;Lynne Jones;Lynne;Mary;Jones;Labour;Birmingham, Selly Oak
367;Paddy Tipping;Simon;Patrick;Tipping;Labour;Sherwood
422;Mr Chris Leslie;Christopher;Michael;Leslie;Labour (Co-op);Nottingham East
275;Mr Paul Marsden;Paul;William Barry;Marsden;Independent;Shrewsbury & Atcham
89;Derek Wyatt;Derek;Murray;Wyatt;Labour;Sittingbourne & Sheppey
12;Fiona Mactaggart;Fiona;Margaret;Mactaggart;Labour;Slough
255;Mr David Heath;David;William St John;Heath;Liberal Democrat;Somerton and Frome
332;Mr Mark Todd;Mark;Wainwright;Todd;Labour;South Derbyshire
4160;Lord Knight of Weymouth;James;Philip;Knight;;
226;Mr Colin Breed;Colin;Edward;Breed;Liberal Democrat;South East Cornwall
476;Mr David S. Borrow;David;Stanley;Borrow;Labour;South Ribble
304;Mr Roger Godsiff;Roger;Duncan;Godsiff;Labour;Birmingham, Hall Green
1452;David Miliband;David;Wright;Miliband;Labour;South Shields
263;Julia Drown;Julia;Kate;Drown;Labour;South Swindon
90;Dr Stephen Ladyman;Stephen;John;Ladyman;Labour;South Thanet
61;Mr John Denham;John;Yorke;Denham;Labour;Southampton, Itchen
62;Dr Alan Whitehead;Alan;Patrick Vincent;Whitehead;Labour;Southampton, Test
71;Mr Kerry Pollard;Kerry;Patrick;Pollard;Labour;St Albans
489;Lord Watts;Dave;;Watts;;
98;Mr Shaun Woodward;Shaun;Anthony;Woodward;Labour;St Helens South and Whiston
227;Andrew George;Andrew;Henry;George;Liberal Democrat;St Ives
283;Mr David Kidney;David;Neil;Kidney;Labour;Stafford
305;Baroness Morris of Yardley;Estelle;;Morris;;
284;Charlotte Atkins;Charlotte;Jean Scott;Atkins;Labour;Staffordshire Moorlands
1455;James Purnell;James;Mark Dakin;Purnell;Labour;Stalybridge & Hyde
72;Barbara Follett;Daphne;Barbara;Follett;Labour;Stevenage
636;Dame Anne McGuire;Anne;Catherine;McGuire;Labour;Stirling
458;Ann Coffey;Ann;;Coffey;Labour;Stockport
504;Frank Cook;Francis;;Cook;Labour;Stockton North
505;Ms Dari Taylor;Daria;Jean;Taylor;Labour;Stockton South
285;Mark Fisher;Mark;Nigel Thomas Vaughan;Fisher;Labour;Stoke-on-Trent Central
286;Joan Walley;Joan;Lorraine;Walley;Labour;Stoke-on-Trent North
287;Mr George Stevenson;George;William;Stevenson;Labour;Stoke-on-Trent South
506;Lord Foster of Bishop Auckland;Derek;;Foster;;
314;Ms Debra Shipley;Debra;Ann;Shipley;Labour;Stourbridge
1457;Mr John Lyons;John;;Lyons;Labour;Strathkelvin & Bearsden
203;Keith Hill;Trevor;Keith;Hill;Labour;Streatham
459;Baroness Hughes of Stretford;Beverley;June;Hughes;;
527;Mr Chris Mullin;Christopher;John;Mullin;Labour;Sunderland South
568;Lord Anderson of Swansea;Donald;;Anderson;;
569;Mr Alan Williams;Alan;John;Williams;Labour;Swansea West
289;Mr Brian Jenkins;Brian;David;Jenkins;Labour;Tamworth
1460;Richard Younger-Ross;Richard;Alan;Younger-Ross;Liberal Democrat;Teignbridge
1461;David Wright;David;;Wright;Labour;Telford
464;Mrs Joan Humble;Jovanka;Joan;Humble;Labour;Blackpool North & Fleetwood
277;Peter Bradley;Peter;Charles Stephen;Bradley;Labour;The Wrekin
45;Andrew Mackinlay;Andrew;Stuart;Mackinlay;Labour;Thurrock
237;Mr Adrian Sanders;Adrian;Mark;Sanders;Liberal Democrat;Torbay
546;Lord Murphy of Torfaen;Paul;;Murphy;;
206;Mr David Lammy;David;Lindon;Lammy;Labour;Tottenham
228;Lord Taylor of Goss Moor;Matthew;Owen John;Taylor;;
638;Michael Moore;Michael;Kevin;Moore;Liberal Democrat;Berwickshire, Roxburgh and Selkirk
207;Sir Vince Cable;John;Vincent;Cable;Liberal Democrat;Twickenham
529;Mr Alan Campbell;Alan;;Campbell;Labour;Tynemouth
534;Chris Ruane;Christopher;Shaun;Ruane;Labour;Vale of Clwyd
465;Gordon Marsden;Gordon;;Marsden;Labour;Blackpool South
681;John Smith;John;William Patrick;Smith;Labour;Vale of Glamorgan
423;Mr David Hinchliffe;David;Martin;Hinchliffe;Labour;Wakefield
491;Ms Angela Eagle;Angela;;Eagle;Labour;Wallasey
316;Mr David Winnick;David;Julian;Winnick;Labour;Walsall North
317;Mr Bruce George;Bruce;Thomas;George;Labour;Walsall South
211;Mr Neil Gerrard;Neil;Francis;Gerrard;Labour;Walthamstow
516;Mr Denis Murphy;Denis;;Murphy;Labour;Wansbeck
221;Dan Norris;Dan;;Norris;Labour;Wansdyke
97;Mr Robert Jackson;Robert;Victor;Jackson;Labour;Wantage
318;John Spellar;John;Francis;Spellar;Labour;Warley
517;Mr John McWilliam;John;David;McWilliam;Labour;Blaydon
432;Helen Jones;Helen;Mary;Jones;Labour;Warrington North
433;Helen Southworth;Helen;Mary;Southworth;Labour;Warrington South
294;Mr James Plaskitt;James;Andrew;Plaskitt;Labour;Warwick & Leamington
138;Mr Bob Blizzard;Robert;John;Blizzard;Labour;Waveney
356;Mr Paul Stinchcombe;Paul;David;Stinchcombe;Labour;Wellingborough
400;John Healey;John;;Healey;Labour;Wentworth and Dearne
639;Sir Robert Smith;Robert;Hill;Smith;Liberal Democrat;West Aberdeenshire and Kincardine
1463;Tom Watson;Thomas;Anthony;Watson;Labour;West Bromwich East
320;Mr Adrian Bailey;Adrian;Edward;Bailey;Labour (Co-op);West Bromwich West
3748;Lord Stratford;Anthony;Louis;Banks;;
437;Sir David Crausby;David;Anthony;Crausby;Labour;Bolton North East
477;Mr Colin Pickthall;Colin;;Pickthall;Labour;West Lancashire
1464;Jim Sheridan;James;;Sheridan;Labour;Paisley and Renfrewshire North
641;Dr Calum MacDonald;Calum;Alasdair;MacDonald (Domhnallach);Labour;Western Isles
3786;Lord Cotter;Brian;Joseph Michael;Cotter;;
460;Mr Neil Turner;Neil;;Turner;Labour;Wigan
213;Roger Casale;Roger;Mark;Casale;Labour;Wimbledon
63;Mr Mark Oaten;Mark;;Oaten;Liberal Democrat;Winchester
492;Ben Chapman;James;Keith;Chapman;Labour;Wirral South
493;Stephen Hesford;Stephen;;Hesford;Labour;Wirral West
321;Mr Ken Purchase;Kenneth;;Purchase;Labour;Wolverhampton North East
438;Dr Brian Iddon;Brian;;Iddon;Labour;Bolton South East
322;Lord Bilston;Dennis;;Turner;;
1468;Rob Marris;Robert;Howard;Marris;Labour;Wolverhampton South West
271;Mr Michael Foster;Michael;John;Foster;Labour;Worcester
1469;Sir Tony Cunningham;Thomas;Anthony;Cunningham;Labour;Workington
1470;Ian C. Lucas;Ian;Colin;Lucas;Labour;Wrexham
462;Paul Goggins;Paul;Gerard;Goggins;Labour;Wythenshawe and Sale East
1473;Mr David Laws;David;Anthony;Laws;Liberal Democrat;Yeovil
1474;Albert Owen;Albert;;Owen;Labour;Ynys Môn
47;Sir Gerald Howarth;James;Gerald Douglas;Howarth;Conservative;Aldershot
295;Sir Richard Shepherd;Richard;Charles Scrimgeour;Shepherd;Conservative;Aldridge-Brownhills
479;Mr Joe Benton;Joseph;Edward;Benton;Labour;Bootle
435;Mr Graham Brady;Graham;Stuart;Brady;Conservative;Altrincham and Sale West
4211;Lord Flight; Howard;Emerson;Flight;;
76;Damian Green;Damian;Howard;Green;Conservative;Ashford
15;Mr David Lidington;David;Roy;Lidington;Conservative;Aylesbury
93;Sir Tony Baldry;Anthony;Brian;Baldry;Conservative;Banbury
16;Mr Dominic Grieve;Dominic;Charles Roberts;Grieve;Conservative;Beaconsfield
142;Mrs Jacqui Lait;Jacqueline;Anne Harkness;Lait;Conservative;Beckenham
642;Mr Peter Robinson;Peter;David;Robinson;Democratic Unionist Party;Belfast East
1388;Nigel Dodds;Nigel;Alexander;Dodds;Democratic Unionist Party;Belfast North
644;The Rev Martin Smyth;William;Martin;Smyth;Ulster Unionist Party;Belfast South
1383;Mark Tami;Mark;Richard;Tami;Labour;Alyn and Deeside
402;Mr Terry Rooney;Terence;Henry;Rooney;Labour;Bradford North
368;Mr James Cran;James;Douglas;Cran;Conservative;Beverley & Holderness
1389;Lord Barker of Battle;Gregory;;Barker;;
1390;Mr John Baron;John;Charles;Baron;Conservative;Basildon and Billericay
334;Lord Robathan;Andrew;;Robathan;;
111;Nick Gibb;Nicolas;John;Gibb;Conservative;Bognor Regis and Littlehampton
325;Mr Dennis Skinner;Dennis;Edward;Skinner;Labour;Bolsover
1393;Mark Simmonds;Mark;Jonathan Mortlock;Simmonds;Conservative;Boston and Skegness
335;David Tredinnick;David;Arthur Stephen;Tredinnick;Conservative;Bosworth
240;Mr David Atkinson;David;Anthony;Atkinson;Conservative;Bournemouth East
241;Sir John Butterfill;John;Valentine;Butterfill;Conservative;Bournemouth West
404;Mr Marsha Singh;Marsha;;Singh;Labour;Bradford West
7;Mr Andrew Mackay;Andrew;James;Mackay;Conservative;Bracknell
33;Sir Eric Pickles;Eric;Jack;Pickles;Conservative;Brentwood and Ongar
1396;Mr Ian Liddell-Grainger;Ian;Richard Peregrine;Liddell-Grainger;Conservative;Bridgwater and West Somerset
149;Mr Eric Forth;Eric;;Forth;Conservative;Bromley & Chislehurst
265;Julie Kirkbride;Julie;;Kirkbride;Conservative;Bromsgrove
64;Dame Marion Roe;Marion;Audrey;Roe;Conservative;Broxbourne
17;John Bercow;John;Simon;Bercow;Speaker;Buckingham
133;Mr David Ruffley;David;Laurie;Ruffley;Conservative;Bury St Edmunds
77;Sir Julian Brazier;Julian;William Hendy;Brazier;Conservative;Canterbury
1214;Bob Spink;Robert;Michael;Spink;Independent;Castle Point
32;Mr Alan Hurst;Alan;Arthur;Hurst;Labour;Braintree
336;Mr Stephen Dorrell;Stephen;James;Dorrell;Conservative;Charnwood
18;Mrs Cheryl Gillan;Cheryl;Elise Kendall;Gillan;Conservative;Chesham and Amersham
112;Mr Andrew Tyrie;Andrew;Guy;Tyrie;Conservative;Chichester
152;Mr Iain Duncan Smith;George;Iain;Duncan Smith;Conservative;Chingford and Woodford Green
153;Sir Sydney Chapman;Sydney;Brookes;Chapman;Conservative;Chipping Barnet
242;Mr Christopher Chope;Christopher;Robert;Chope;Conservative;Christchurch
1405;Mark Field;Mark;Christopher;Field;Conservative;Cities of London and Westminster
425;Ann Winterton;Jane;Ann;Winterton;Conservative;Congleton
249;Geoffrey Clifton-Brown;Geoffrey;Robert;Clifton-Brown;Conservative;The Cotswolds
157;Sir Richard Ottaway;Richard;Geoffrey James;Ottaway;Conservative;Croydon South
1394;Roger Williams;Roger;Hugh;Williams;Liberal Democrat;Brecon and Radnorshire
352;Lord Boswell of Aynho;Timothy;Eric;Boswell;;
259;The Marquess of Lothian;Michael;;Ancram;;
646;Mr Roy Beggs;John;Robert;Beggs;Ulster Unionist Party;East Antrim
1408;Sir Hugo Swire;Hugo;George William;Swire;Conservative;East Devon
49;Mr Michael Mates;Michael;John;Mates;Conservative;East Hampshire
1409;Mr Gregory Campbell;Gregory;Lloyd;Campbell;Democratic Unionist Party;East Londonderry
99;Mr Peter Ainsworth;Peter;Michael;Ainsworth;Conservative;East Surrey
114;Tim Loughton;Timothy;Paul;Loughton;Conservative;East Worthing and Shoreham
1200;Sir Greg Knight;Gregory;;Knight;Conservative;East Yorkshire
25;Mr Nigel Waterson;Nigel;Christopher;Waterson;Conservative;Eastbourne
148;Ann Keen;Ann;Lloyd;Keen;Labour;Brentford & Isleworth
427;Mr Stephen O'Brien;Stephen;Rothwell;O'Brien;Conservative;Eddisbury
36;Mrs Eleanor Laing;Eleanor;Fulton;Laing;Conservative;Epping Forest
1413;Chris Grayling;Christopher;Stephen;Grayling;Conservative;Epsom and Ewell
1414;Mr Mark Hoban;Mark;Gerard;Hoban;Conservative;Fareham
1415;Sir Hugh Robertson;Hugh;Michael;Robertson;Conservative;Faversham and Mid Kent
82;Lord Howard of Lympne;Michael;;Howard;;
468;Mr Michael Jack;John;Michael;Jack;Conservative;Fylde
345;Sir Edward Leigh;Edward;Julian Egerton;Leigh;Conservative;Gainsborough
1417;Mr Peter Duncan;Peter;John;Duncan;Conservative;Galloway & Upper Nithsdale
52;Sir Peter Viggers;Peter;John;Viggers;Conservative;Gosport
551;Mr Win Griffiths;Winston;James;Griffiths;Labour;Bridgend
373;Mr David Davis;David;Michael;Davis;Conservative;Haltemprice and Howden
337;Sir Edward Garnier;Edward;Henry;Garnier;Conservative;Harborough
53;Lord Willetts;David;;Willetts;;
1423;Boris Johnson;Alexander;Boris de Pfeffel;Johnson;Conservative;Uxbridge and South Ruislip
1424;Mr Mark Prisk;Michael;Mark;Prisk;Conservative;Hertford and Stortford
67;Mr James Clappison;William;James;Clappison;Conservative;Hertsmere
515;Mr Peter Atkinson;Peter;Landreth;Atkinson;Conservative;Hexham
68;Mr Peter Lilley;Peter;Bruce;Lilley;Conservative;Hitchin and Harpenden
115;Lord Maude of Horsham;Francis;;Maude;;
1425;Mr Jonathan Djanogly;Jonathan;Simon;Djanogly;Conservative;Huntingdon
369;Mr Ian Cawsey;Ian;Arthur;Cawsey;Labour;Brigg & Goole
1426;Mr Andrew Turner;Andrew;John;Turner;Conservative;Isle of Wight
1428;Bill Wiggin;William;David;Wiggin;Conservative;North Herefordshire
280;Michael Fabricant;Michael;Louis David;Fabricant;Conservative;Lichfield
539;Denzil Davies;David;John Denzil;Davies;Labour;Llanelli
348;Sir Peter Tapsell;Peter;Hannay Bailey;Tapsell;Conservative;Louth and Horncastle
430;Sir Nicholas Winterton;Nicholas;Raymond;Winterton;Conservative;Macclesfield
8;Mrs Theresa May;Theresa;Mary;May;Conservative;Maidenhead
85;Miss Ann Widdecombe;Ann;Noreen;Widdecombe;Conservative;Maidstone & The Weald
39;Mr John Whittingdale;John;Flasby Lawrance;Whittingdale;Conservative;Maldon
312;Dame Caroline Spelman;Caroline;Alice;Spelman;Conservative;Meriden
23;Dr Desmond Turner;Desmond;Stanley;Turner;Labour;Brighton, Kemptown
4;Mr Jonathan Sayeed;Jonathan;;Sayeed;Independent Conservative;Mid Bedfordshire
116;Sir Nicholas Soames;Nicholas;;Soames;Conservative;Mid Sussex
268;Sir Peter Luff;Peter;James;Luff;Conservative;Mid Worcestershire
103;Sir Paul Beresford;Alexander;Paul;Beresford;Conservative;Mole Valley
54;Dr Julian Lewis;Julian;Murray;Lewis;Conservative;New Forest East
55;Sir Desmond Swayne;Desmond;Angus;Swayne;Conservative;New Forest West
1435;Patrick Mercer;Patrick;John;Mercer;Independent;Newark
4149;Lord Bannside;Ian;;Paisley;;
244;Mr Robert Walter;Robert;John;Walter;Conservative;North Dorset
1437;Lady Hermon;Sylvia;Eileen;Hermon;Independent;North Down
24;David Lepper;David;;Lepper;Labour;Brighton, Pavilion
1201;Alistair Burt;Alistair;James Hendrie;Burt;Conservative;North East Bedfordshire
120;Mr Malcolm Moss;Malcolm;Douglas;Moss;Conservative;North East Cambridgeshire
56;Lord Arbuthnot of Edrom;James;;Arbuthnot;;
69;Sir Oliver Heald;Oliver;;Heald;Conservative;North East Hertfordshire
40;Mr Bernard Jenkin;Bernard;Christison;Jenkin;Conservative;Harwich and North Essex
274;Mr Owen Paterson;Owen;William;Paterson;Conservative;North Shropshire
57;Lord Young of Cookham;George;;Young;;
1441;Sir Henry Bellingham;Henry;Campbell;Bellingham;Conservative;North West Norfolk
261;James Gray;James;Whiteside;Gray;Conservative;North Wiltshire
1202;Derek Conway;Derek;Leslie;Conway;Independent Conservative;Old Bexley & Sidcup
215;Baroness Corston;Jean;Ann;Corston;;
196;Lord Horam;John;;Horam;;
497;Lord Blencathra;David;John;Maclean;;
245;Sir Robert Syms;Robert;Andrew Raymond;Syms;Conservative;Poole
1444;Mr Mark Francois;Mark;Gino;Francois;Conservative;Rayleigh and Wickford
104;Crispin Blunt;Crispin;Jeremy Rupert;Blunt;Conservative;Reigate
379;Lord Hague of Richmond;William;;Hague;;
42;Sir Teddy Taylor;Edward;MacMillan;Taylor;Conservative;Rochford & Southend East
1447;Andrew Rosindell;Andrew;Richard;Rosindell;Conservative;Romford
202;Mr John Wilkinson;John;Arbuthnot DuCane;Wilkinson;Conservative;Ruislip - Northwood
105;Mr Philip Hammond;Philip;;Hammond;Conservative;Runnymede and Weybridge
324;Judy Mallaber;Clare;Judith;Mallaber;Labour;Amber Valley
216;Dr Doug Naysmith;John;Douglas;Naysmith;Labour;Bristol North West
343;Sir Alan Duncan;Alan;James Carter;Duncan;Conservative;Rutland and Melton
380;Mr John Greenway;John;Robert;Greenway;Conservative;Ryedale
262;Robert Key;Simon;Robert;Key;Conservative;Salisbury
88;Sir Michael Fallon;Michael;;Fallon;Conservative;Sevenoaks
349;Viscount Hailsham;Douglas;;Hogg;;
313;Mr John Taylor;John;Mark;Taylor;Conservative;Solihull
1449;David Burnside;David;Wilson Boyd;Burnside;Ulster Unionist Party;South Antrim
123;Lord Lansley;Andrew;;Lansley;;
124;Sir James Paice;James;Edward Thornton;Paice;Conservative;South East Cambridgeshire
350;Mr John Hayes;John;Henry;Hayes;Conservative;South Holland and The Deepings
218;Valerie Davey;Valerie;;Davey;Labour;Bristol West
1451;Mr Richard Bacon;Richard;Michael;Bacon;Conservative;South Norfolk
1453;Andrew Selous;Andrew;Edmund Armstrong;Selous;Conservative;South West Bedfordshire
234;Mr Gary Streeter;Gary;Nicholas;Streeter;Conservative;South West Devon
70;Mr Richard Page;Richard;Lewis;Page;Conservative;South West Hertfordshire
44;Sir David Amess;David;Anthony Andrew;Amess;Conservative;Southend West
288;Sir William Cash;William;Nigel Paul;Cash;Conservative;Stone
1456;Mrs Iris Robinson;Iris;;Robinson;Democratic Unionist Party;Strangford
4162;Lord Maples;John;Cradock;Maples;;
108;Mr Nick Hawkins;Nicholas;John;Hawkins;Conservative;Surrey Heath
1211;Mr Andrew Mitchell;Andrew;;Mitchell;Conservative;Sutton Coldfield
359;Dr Nick Palmer;Nicholas;Douglas;Palmer;Labour;Broxtowe
1458;Mr George Osborne;George;Gideon Oliver;Osborne;Conservative;Tatton
1459;Mr Adrian Flook;Adrian;John;Flook;Conservative;Taunton
253;Mr Laurence Robertson;Laurence;Anthony;Robertson;Conservative;Tewkesbury
236;Baroness Browning;Angela;Frances;Browning;;
91;Sir John Stanley;John;Paul;Stanley;Conservative;Tonbridge and Malling
239;Mr Anthony Steen;Anthony;David;Steen;Conservative;Totnes
92;Mr Archie Norman;Archibald;John;Norman;Conservative;Tunbridge Wells
1462;Dame Angela Watkinson;Angela;Eileen;Watkinson;Conservative;Hornchurch and Upminster
209;Sir John Randall;Alexander;John;Randall;Conservative;Uxbridge and South Ruislip
384;Baroness McIntosh of Pickering;Anne;;McIntosh;;
466;Mr Peter Pike;Peter;Leslie;Pike;Labour;Burnley
257;Mr David Heathcoat-Amory;David;Philip;Heathcoat-Amory;Conservative;Wells
46;Sir Simon Burns;Simon;Hugh McGuigan;Burns;Conservative;Chelmsford
333;Sir Patrick McLoughlin;Patrick;Allen;McLoughlin;Conservative;Derbyshire Dales
247;Sir Oliver Letwin;Oliver;;Letwin;Conservative;West Dorset
139;Lord Risby;Richard;John Grenville;Spring;;
270;Lord Spicer;William;;Spicer;;
1466;Dr Andrew Murrison;Andrew;William;Murrison;Conservative;South West Wiltshire
498;Mr Tim Collins;Timothy;William George;Collins;Conservative;Westmorland & Lonsdale
13;Mr Michael Trend;Michael;St John;Trend;Conservative;Windsor
1467;Mr David Cameron;David;William Donald;Cameron;Conservative;Witney
278;Mrs Janet Dean;Janet;Elizabeth Ann;Dean;Labour;Burton
109;Mr Humfrey Malins;Humfrey;Jonathan;Malins;Conservative;Woking
14;John Redwood;John;Alan;Redwood;Conservative;Wokingham
223;Dr Liam Fox;Liam;;Fox;Conservative;North Somerset
1471;Mr Paul Goodman;Paul;Alexander Cyril;Goodman;Conservative;Wycombe
1472;Dr Richard Taylor;Richard;Thomas;Taylor;Independent;Wyre Forest
570;Mr Frank Doran;Frank;;Doran;Labour;Aberdeen North
573;Baroness Liddell of Coatdyke;Helen;Lawrie;Liddell;;
140;Dame Margaret Hodge;Margaret;Eve;Hodge;Labour;Barking
48;Mr Andrew Hunter;Andrew;Robert Frederick Ebenezer;Hunter;Democratic Unionist Party;Basingstoke
645;Mr Gerry Adams;Gerard;;Adams;Sinn Féin;Belfast West
440;Mr David Chaytor;David;Michael;Chaytor;Labour;Bury North
478;Frank Field;Frank;;Field;Labour;Birkenhead
300;Clare Short;Clare;;Short;Independent Labour;Birmingham, Ladywood
463;Mr Jack Straw;John;Whitaker;Straw;Independent;Blackburn
541;Llew Smith;Llewellyn;Thomas;Smith;Labour;Blaenau Gwent
514;Mr Ronnie Campbell;Ronnie;;Campbell;Labour;Blyth Valley
439;Ruth Kelly;Ruth;Maria;Kelly;Labour;Bolton West
403;Mr Gerry Sutcliffe;Gerard;;Sutcliffe;Labour;Bradford South
1395;Mr Paul Daisley;Paul;Andrew;Daisley;Labour;Brent East
146;Barry Gardiner;Barry;Strachan;Gardiner;Labour;Brent North
147;Lord Boateng;Paul;Yaw;Boateng;;
441;Mr Ivan Lewis;Ivan;;Lewis;Labour;Bury South
1399;Viscount Thurso;John;;Thurso;;
150;Ms Harriet Harman;Harriet;Ruth;Harman;Labour;Camberwell and Peckham
134;Lord Framlingham;Michael;Nicholson;Lord;;
78;Jonathan Shaw;Jonathan;Rowland;Shaw;Labour;Chatham & Aylesford
248;Lord Jones of Cheltenham;Nigel;David;Jones;;
1404;Paul Holmes;Paul;Robert;Holmes;Liberal Democrat;Chesterfield
307;Mr Geoffrey Robinson;Geoffrey;;Robinson;Labour;Coventry North West
426;Mrs Gwyneth Dunwoody;Gwyneth;Patricia;Dunwoody;Labour;Crewe & Nantwich
585;Mr Brian Wilson;Brian;David Henderson;Wilson;Labour;Cunninghame North
1397;Hywel Williams;Hywel;;Williams;Plaid Cymru;Arfon
309;Sir Ross Cranston;Ross;Frederick;Cranston;Labour;Dudley North
159;Baroness Jowell;Tessa;;Jowell;;
591;Mr Gordon Brown;James;Gordon;Brown;Labour;Kirkcaldy and Cowdenbeath
595;Mr Jim Murphy;James;;Murphy;Labour;East Renfrewshire
166;Joan Ryan;Joan;Marie;Ryan;Labour;Enfield North
101;Mr Ian Taylor;Ian;Colin;Taylor;Conservative;Esher & Walton
230;Mr Ben Bradshaw;Benjamin;Peter James;Bradshaw;Labour;Exeter
1416;Michelle Gildernew;Michelle;;Gildernew;Sinn Féin;Fermanagh and South Tyrone
170;Dr Rudi Vis;Rudolf;Jan;Vis;Labour;Finchley & Golders Green
649;Mr John Hume;John;;Hume;Social Democratic & Labour Party;Foyle
1398;Wayne David;Wayne;;David;Labour;Caerphilly
83;Paul Clark;Paul;Gordon;Clark;Labour;Gillingham
609;Mr George Galloway;George;;Galloway;Respect;Bradford West
611;Mr Ian Davidson;Ian;Graham;Davidson;Labour (Co-op);Glasgow South West
613;Mr David Marshall;David;;Marshall;Labour;Glasgow East
3899;Lord Martin of Springburn;Michael;;Martin;;
346;Lord Davies of Stamford;John;Quentin;Davies;;
372;Austin Mitchell;Austin;Vernon;Mitchell;Labour;Great Grimsby
172;Ms Diane Abbott;Diane;Julie;Abbott;Labour;Hackney North and Stoke Newington
311;Sylvia Heal;Sylvia;Lloyd;Heal;Labour;Halesowen & Rowley Regis
405;Chris McCafferty;Christine;;McCafferty;Labour;Calder Valley
174;Mr Iain Coleman;Iain;;Coleman;Labour;Hammersmith & Fulham
177;Gareth Thomas;Gareth;;Thomas;Labour (Co-op);Harrow West
500;Lord Mandelson;Peter;;Mandelson;;
178;John McDonnell;John;Martin;McDonnell;Labour;Hayes and Harlington
181;John Cryer;John;Robert;Cryer;Labour;Leyton and Wanstead
183;Linda Perham;Linda;;Perham;Labour;Ilford North
185;Jeremy Corbyn;Jeremy;Bernard;Corbyn;Labour;Islington North
187;Mr Michael Portillo;Michael;Denzil Xavier;Portillo;Conservative;Kensington & Chelsea
375;Mr Kevin McNamara;Joseph;Kevin;McNamara;Labour;Kingston upon Hull North
1384;Mike Weir;Michael;Fraser;Weir;Scottish National Party;Angus
118;Mrs Anne Campbell;Anne;;Campbell;Labour;Cambridge
650;Sir Jeffrey M. Donaldson;Jeffrey;Mark;Donaldson;Democratic Unionist Party;Lagan Valley
415;Fabian Hamilton;Fabian;;Hamilton;Labour;Leeds North East
338;Keith Vaz;Keith;Anthony;Vaz;Labour;Leicester East
339;Mr Jim Marshall;James;;Marshall;Labour;Leicester South
340;Ms Patricia Hewitt;Patricia;Hope;Hewitt;Labour;Leicester West
191;Bridget Prentice;Bridget;Theresa;Prentice;Labour;Lewisham East
622;Tam Dalyell;Thomas;;Dalyell Loch;Labour;Linlithgow
486;Jane Kennedy;Jane;Elizabeth;Kennedy;Labour;Liverpool, Wavertree
623;Mr Robin Cook;Robert;Finlayson;Cook;Labour;Livingston
2;Kelvin Hopkins;Kelvin;Peter;Hopkins;Independent;Luton North
279;Dr Tony Wright;Anthony;Wayland;Wright;Labour;Cannock Chase
86;Mr Robert Marshall-Andrews;Robert;Graham;Marshall-Andrews;Labour;Medway
126;Mr Keith Simpson;Keith;Robert;Simpson;Conservative;Broadland
651;Mr Martin McGuinness;James;Martin Pacelli;McGuinness;Sinn Féin;Mid Ulster
501;Sir Stuart Bell;Stuart;;Bell;Labour;Middlesbrough
502;Dr Ashok Kumar;Ashok;;Kumar;Labour;Middlesbrough South & East Cleveland
626;Mr Frank Roy;Frank;;Roy;Labour;Motherwell and Wishaw
652;Mr Seamus Mallon;Seamus;;Mallon;Social Democratic & Labour Party;Newry & Armagh
231;Sir Nick Harvey;Nicholas;Barton;Harvey;Liberal Democrat;North Devon
87;Sir Roger Gale;Roger;James;Gale;Conservative;North Thanet
121;Lord Mawhinney;Brian;;Mawhinney;;
560;Mr Jon Owen Jones;Jonathan;Owen;Jones;Labour (Co-op);Cardiff Central
354;Ms Sally Keeble;Sally;Curtis;Keeble;Labour;Northampton North
365;Alan Simpson;Alan;John;Simpson;Labour;Nottingham South
420;Yvette Cooper;Yvette;;Cooper;Labour;Normanton, Pontefract and Castleford
421;Mr Paul Truswell;Paul;Anthony;Truswell;Labour;Pudsey
1445;Vera Baird;Vera;;Baird;Labour;Redcar
634;Mr Charles Kennedy;Charles;Peter;Kennedy;Liberal Democrat;Ross, Skye and Lochaber
393;Mr Denis MacShane;Denis;;MacShane;Labour;Rotherham
366;Mr Kenneth Clarke;Kenneth;Harry;Clarke;Conservative;Rushcliffe
43;Sir Alan Haselhurst;Alan;Gordon Barraclough;Haselhurst;Conservative;Saffron Walden
561;Julie Morgan;Julie;;Morgan;Labour;Cardiff North
512;Mr Tony Blair;Anthony;Charles Lynton;Blair;Labour;Sedgefield
395;Lord Blunkett;David;;Blunkett;;
383;Mr David Curry;David;Maurice;Curry;Conservative;Skipton & Ripon
656;Mr Eddie McGrady;Edward;Kevin;McGrady;Social Democratic & Labour Party;South Down
282;Lord Cormack;Patrick;;Cormack;;
136;Mr Tim Yeo;Timothy;Stephen Kenneth;Yeo;Conservative;South Suffolk
132;Baroness Shephard of Northwold;Gillian;Patricia;Shephard;;
106;Baroness Bottomley of Nettlestone;Virginia;Hilda Brunette Maxwell;Bottomley;;
1454;John Pugh;John;David;Pugh;Liberal Democrat;Southport
252;Dr David Drew;David;;Drew;Labour (Co-op);Stroud
562;Alun Michael;Alun;Edward;Michael;Labour (Co-op);Cardiff South and Penarth
4154;Lord Deben;John;Selwyn;Gummer;;
526;Bill Etherington;William;;Etherington;Labour;Sunderland North
204;Paul Burstow;Paul;Kenneth;Burstow;Liberal Democrat;Sutton and Cheam
205;Tom Cox;Thomas;Michael;Cox;Labour;Tooting
238;Lord Burnett;John;Patrick Aubone;Burnett;;
528;Mr David Clelland;David;Gordon;Clelland;Labour;Tyne Bridge
658;Lord Trimble;William;David;Trimble;;
210;Kate Hoey;Catharine;Letitia;Hoey;Labour;Vauxhall
73;Claire Ward;Claire;Margaret;Ward;Labour;Watford
434;Mr Mike Hall;Michael;Thomas;Hall;Labour;Weaver Vale
1400;Kevin Brennan;Kevin;Denis;Brennan;Labour;Cardiff West
74;Miss Melanie Johnson;Melanie;Jane;Johnson;Labour;Welwyn Hatfield
1465;Mr Pat Doherty;Pat;;Doherty;Sinn Féin;West Tyrone
461;Mr Terry Lewis;Terence;;Lewis;Labour;Worsley
117;Sir Peter Bottomley;Peter;James;Bottomley;Conservative;Worthing West
495;Mr Eric Martlew;Eric;Anthony;Martlew;Labour;Carlisle
1401;Adam Price;Adam;;Price;Plaid Cymru;Carmarthen East & Dinefwr
537;Nick Ainger;Nicholas;Richard;Ainger;Labour;Carmarthen West & South Pembrokeshire
579;Lord Foulkes of Cumnock;George;;Foulkes;;
1385;Mr Alan Reid;Alan;;Reid;Liberal Democrat;Argyll and Bute
151;Tom Brake;Thomas;Anthony;Brake;Liberal Democrat;Carshalton and Wallington
1402;Mr John MacDougall;John;William;MacDougall;Labour;Glenrothes
538;Mr Simon Thomas;Simon;;Thomas;Plaid Cymru;Ceredigion
1403;Mrs Patsy Calton;Patricia;;Calton;Liberal Democrat;Cheadle
424;Christine Russell;Christine;Margaret;Russell;Labour;City of Chester
508;Mr Gerry Steinberg;Gerald;Neil;Steinberg;Labour;City of Durham
385;Sir Hugh Bayley;Hugh;;Bayley;Labour;York Central
370;Shona McIsaac;Shona;;McIsaac;Labour;Cleethorpes
531;Mr Martyn Jones;Martyn;David;Jones;Labour;Clwyd South
532;Gareth Thomas;Gareth;;Thomas;Labour;Clwyd West
357;Mr Geoffrey Hoon;Geoffrey;William;Hoon;Labour;Ashfield
581;Tony Worthington;William;Anthony;Worthington;Labour;Clydebank & Milngavie
582;Mr Jim Hood;James;;Hood;Labour;Lanark and Hamilton East
583;Mr Tom Clarke;Thomas;;Clarke;Labour;Coatbridge, Chryston and Bellshill
35;Sir Bob Russell;Robert;Edward;Russell;Liberal Democrat;Colchester
406;Kali Mountford;Kali;Carol Jean;Mountford;Labour;Colne Valley
548;Mrs Betty Williams;Betty;Helena;Williams;Labour;Conwy
496;Lord Cunningham of Felling;John;Anderson;Cunningham;;
351;Phil Hope;Philip;Ian;Hope;Labour;Corby
306;Mr Bob Ainsworth;Robert;William;Ainsworth;Labour;Coventry North East
308;Mr Jim Cunningham;James;Dolan;Cunningham;Labour;Coventry South
1386;David Heyes;David;Alan;Heyes;Labour;Ashton-under-Lyne
113;Laura Moffatt;Laura;Jean;Moffatt;Labour;Crawley
480;Mrs Claire Curtis-Thomas;Claire;;Curtis-Thomas;Labour;Crosby
155;Geraint Davies;Geraint;;Davies;Labour (Co-op);Swansea West
156;Malcolm Wicks;Malcolm;Hunt;Wicks;Labour;Croydon North
584;Rosemary McKenna;Rosemary;;McKenna;Labour;Cumbernauld, Kilsyth and Kirkintilloch East
586;Mr Brian H. Donohoe;Brian;Harold;Donohoe;Labour;Central Ayrshire
553;Ann Clwyd;Ann;;Clwyd;Labour;Cynon Valley
1406;Jon Cruddas;Jonathan;;Cruddas;Labour;Dagenham and Rainham
507;Mr Alan Milburn;Alan;;Milburn;Labour;Darlington
79;Dr Howard Stoate;Howard;Geoffrey Alvan;Stoate;Labour;Dartford
107;Mr David Wilshire;David;;Wilshire;Conservative;Spelthorne
1220;Charles Hendry;Charles;;Hendry;Conservative;Wealden
27;Mr Ivor Caplin;Ivor;Keith;Caplin;Labour;Hove
4170;Baroness Smith of Basildon;Angela;;Smith;;
1475;Chris Mole;Christopher;David;Mole;Labour;Ipswich
1476;Huw Irranca-Davies;Ifor;Huw;Irranca-Davies;Labour;Ogmore
